Year,JAN-p,FEB-p,MAR-p,APR-p,MAY-p,JUN-p,JUL-p,AUG-p,SEP-p,OCT-p,JAN-txa,FEB-txa,MAR-txa,APR-txa,MAY-txa,JUN-txa,JUL-txa,AUG-txa,SEP-txa,OCT-txa,JAN-taa,FEB-taa,MAR-taa,APR-taa,MAY-taa,JUN-taa,JUL-taa,AUG-taa,SEP-taa,OCT-taa,JAN-tna,FEB-tna,MAR-tna,APR-tna,MAY-tna,JUN-tna,JUL-tna,AUG-tna,SEP-tna,OCT-tna,JAN-txm,FEB-txm,MAR-txm,APR-txm,MAY-txm,JUN-txm,JUL-txm,AUG-txm,SEP-txm,OCT-txm,JAN-tnm,FEB-tnm,MAR-tnm,APR-tnm,MAY-tnm,JUN-tnm,JUL-tnm,AUG-tnm,SEP-tnm,OCT-tnm
1960-01-01,1.86,1.41,1.21,1.26,4.2,2.96,1.17,0.23,1.27,1.59,38.91,43.05,52.16,60.45,69.43,81.78,88.8,86.3,78.31,64.71,26.78,30.35,38.63,46.6,56.12,67.31,73.79,71.51,62.95,49.97,14.64,17.68,25.13,32.7,42.82,52.88,58.77,56.7,47.54,35.24,59.73,65.61,75.46,81.66,88.22,97.0,100.62,98.02,94.73,85.2,-5.98,-2.24,6.15,17.34,29.04,41.67,49.32,47.71,33.49,19.41
1961-01-01,0.13,0.25,2.93,1.32,3.44,1.07,5.03,1.03,2.19,0.14,38.91,43.05,52.16,60.45,69.43,81.78,88.8,86.3,78.31,64.71,26.78,30.35,38.63,46.6,56.12,67.31,73.79,71.51,62.95,49.97,14.64,17.68,25.13,32.7,42.82,52.88,58.77,56.7,47.54,35.24,59.73,65.61,75.46,81.66,88.22,97.0,100.62,98.02,94.73,85.2,-5.98,-2.24,6.15,17.34,29.04,41.67,49.32,47.71,33.49,19.41
1962-01-01,0.66,0.45,1.27,0.46,5.63,3.72,4.83,0.72,0.1,0.96,38.91,43.05,52.16,60.45,69.43,81.78,88.8,86.3,78.31,64.71,26.78,30.35,38.63,46.6,56.12,67.31,73.79,71.51,62.95,49.97,14.64,17.68,25.13,32.7,42.82,52.88,58.77,56.7,47.54,35.24,59.73,65.61,75.46,81.66,88.22,97.0,100.62,98.02,94.73,85.2,-5.98,-2.24,6.15,17.34,29.04,41.67,49.32,47.71,33.49,19.41
1963-01-01,0.66,0.39,0.68,0.41,2.64,2.04,4.52,3.53,1.76,0.89,38.91,43.05,52.16,60.45,69.43,81.78,88.8,86.3,78.31,64.71,26.78,30.35,38.63,46.6,56.12,67.31,73.79,71.51,62.95,49.97,14.64,17.68,25.13,32.7,42.82,52.88,58.77,56.7,47.54,35.24,59.73,65.61,75.46,81.66,88.22,97.0,100.62,98.02,94.73,85.2,-5.98,-2.24,6.15,17.34,29.04,41.67,49.32,47.71,33.49,19.41
1964-01-01,0.04,1.4,1.05,3.56,1.69,4.04,0.66,1.09,0.04,0.3,38.91,43.05,52.16,60.45,69.43,81.78,88.8,86.3,78.31,64.71,26.78,30.35,38.63,46.6,56.12,67.31,73.79,71.51,62.95,49.97,14.64,17.68,25.13,32.7,42.82,52.88,58.77,56.7,47.54,35.24,59.73,65.61,75.46,81.66,88.22,97.0,100.62,98.02,94.73,85.2,-5.98,-2.24,6.15,17.34,29.04,41.67,49.32,47.71,33.49,19.41
1965-01-01,0.74,0.63,0.68,0.32,4.52,5.66,5.16,1.07,2.43,2.09,38.91,43.05,52.16,60.45,69.43,81.78,88.8,86.3,78.31,64.71,26.78,30.35,38.63,46.6,56.12,67.31,73.79,71.51,62.95,49.97,14.64,17.68,25.13,32.7,42.82,52.88,58.77,56.7,47.54,35.24,59.73,65.61,75.46,81.66,88.22,97.0,100.62,98.02,94.73,85.2,-5.98,-2.24,6.15,17.34,29.04,41.67,49.32,47.71,33.49,19.41
1966-01-01,0.74,0.24,0.7,1.85,0.84,3.74,2.97,2.78,1.79,0.96,38.91,43.05,52.16,60.45,69.43,81.78,88.8,86.3,78.31,64.71,26.78,30.35,38.63,46.6,56.12,67.31,73.79,71.51,62.95,49.97,14.64,17.68,25.13,32.7,42.82,52.88,58.77,56.7,47.54,35.24,59.73,65.61,75.46,81.66,88.22,97.0,100.62,98.02,94.73,85.2,-5.98,-2.24,6.15,17.34,29.04,41.67,49.32,47.71,33.49,19.41
1967-01-01,0.14,0.01,0.17,1.09,4.95,5.5,1.08,0.83,1.18,0.46,38.91,43.05,52.16,60.45,69.43,81.78,88.8,86.3,78.31,64.71,26.78,30.35,38.63,46.6,56.12,67.31,73.79,71.51,62.95,49.97,14.64,17.68,25.13,32.7,42.82,52.88,58.77,56.7,47.54,35.24,59.73,65.61,75.46,81.66,88.22,97.0,100.62,98.02,94.73,85.2,-5.98,-2.24,6.15,17.34,29.04,41.67,49.32,47.71,33.49,19.41
1968-01-01,0.0,0.25,0.96,1.39,3.52,0.73,3.91,3.05,0.22,0.61,38.91,43.05,57.48,58.3,66.35,86.27,89.32,86.3,78.31,64.71,26.78,30.35,41.61,44.28,53.52,69.38,73.44,71.51,62.95,49.97,14.64,17.68,25.74,30.27,40.68,52.5,57.55,56.7,47.54,35.24,59.73,65.61,84.0,77.0,87.0,105.0,103.0,98.02,94.73,85.2,-5.98,-2.24,9.0,8.0,31.0,36.0,49.0,47.71,33.49,19.41
1969-01-01,0.07,0.12,0.33,0.81,4.07,2.61,1.4,5.02,0.18,4.42,38.91,43.05,52.16,60.45,69.43,81.78,88.8,86.3,78.31,64.71,26.78,30.35,38.63,46.6,56.12,67.31,73.79,71.51,62.95,49.97,14.64,17.68,25.13,32.7,42.82,52.88,58.77,56.7,47.54,35.24,59.73,65.61,75.46,81.66,88.22,97.0,100.62,98.02,94.73,85.2,-5.98,-2.24,6.15,17.34,29.04,41.67,49.32,47.71,33.49,19.41
1970-01-01,0.25,0.0,1.24,1.88,1.74,2.12,4.38,0.99,1.19,0.9,38.91,53.75,52.16,57.77,76.43,81.52,90.65,92.26,78.27,60.93,26.78,36.73,38.63,43.83,60.43,65.72,74.27,75.76,61.3,46.45,14.64,19.71,25.13,29.9,44.43,49.93,57.9,59.26,44.32,31.97,59.73,75.0,75.46,78.0,92.0,101.0,99.0,101.0,95.0,89.0,-5.98,11.0,6.15,20.0,25.0,34.0,50.0,52.0,30.0,20.0
1971-01-01,0.52,0.65,1.49,2.95,3.88,2.06,1.11,1.06,2.04,0.55,40.23,40.86,48.52,59.77,64.0,83.77,86.13,89.45,73.1,63.26,27.69,28.68,35.74,46.93,52.23,68.34,70.77,73.5,58.52,48.37,15.16,16.5,22.97,34.1,40.37,52.83,55.42,57.14,43.48,33.48,64.0,62.0,82.0,81.0,82.0,101.0,99.0,98.0,98.0,85.0,-13.0,-4.0,-1.0,19.0,31.0,43.0,42.0,46.0,28.0,14.0
1972-01-01,0.4,0.01,0.16,1.32,2.56,3.0,4.48,3.61,0.77,0.95,35.52,49.34,52.16,61.79,70.26,82.53,82.13,85.0,75.27,64.71,22.73,35.36,38.63,48.23,56.66,68.62,68.4,70.34,60.85,49.97,10.3,21.38,25.13,33.81,43.06,54.21,54.6,55.68,46.43,35.24,51.0,73.0,75.46,81.0,87.0,88.0,95.0,99.0,93.0,85.2,-15.0,-2.0,6.15,21.0,32.0,42.0,42.0,45.0,28.0,19.41
1973-01-01,0.23,0.0,2.69,3.57,2.37,2.47,1.32,0.8,2.87,1.11,38.91,43.05,52.16,60.45,69.43,81.78,88.8,86.3,78.31,65.84,26.78,30.35,38.63,46.6,56.12,67.31,73.79,71.51,62.95,51.71,14.64,17.68,25.13,32.7,42.82,52.88,58.77,56.7,47.54,37.58,59.73,65.61,75.46,81.66,88.22,97.0,100.62,98.02,94.73,83.0,-5.98,-2.24,6.15,17.34,29.04,41.67,49.32,47.71,33.49,27.0
1974-01-01,0.14,0.11,1.07,0.93,0.62,2.77,1.89,1.33,0.19,0.07,32.24,44.96,52.81,60.27,75.42,80.35,92.67,82.58,74.63,68.26,22.03,32.52,39.2,47.03,59.6,65.16,75.47,67.39,58.62,52.18,11.83,20.07,25.83,33.8,43.77,52.41,58.29,52.19,42.6,36.1,52.0,60.0,72.0,82.0,95.0,99.0,100.0,95.0,96.0,87.0,-17.0,-1.0,8.0,20.0,29.0,42.0,46.0,43.0,29.0,26.0
1975-01-01,0.15,0.26,0.12,0.52,4.91,0.83,2.74,0.62,0.61,0.15,40.57,40.68,45.97,58.23,67.83,79.43,90.65,89.97,77.03,69.52,27.41,26.88,32.42,43.4,54.35,64.47,74.23,72.82,59.88,52.27,13.63,13.07,18.87,28.57,41.0,49.5,57.81,55.68,42.73,35.03,59.0,61.0,73.0,82.0,83.0,92.0,98.0,99.0,99.0,90.0,-8.0,-3.0,-1.0,-3.0,30.0,38.0,48.0,45.0,30.0,17.0
1976-01-01,0.2,0.14,0.43,1.16,2.79,2.87,3.97,1.47,1.14,0.0,37.71,49.66,48.52,60.53,69.1,81.03,89.65,87.19,76.93,62.74,25.54,35.74,35.03,47.68,54.89,65.81,74.4,71.58,62.25,46.69,13.36,21.83,21.55,34.83,40.68,50.14,59.16,55.83,47.57,30.65,59.0,70.0,70.0,77.0,87.0,94.0,101.0,100.0,98.0,86.0,-10.0,-1.0,-5.0,20.0,27.0,41.0,50.0,49.0,31.0,16.0
1977-01-01,0.31,0.0,0.6,2.96,2.95,2.76,2.54,2.78,0.28,0.0,32.68,50.39,48.24,62.53,72.97,84.77,89.71,82.61,82.27,68.07,19.47,35.62,34.72,49.88,59.65,70.17,74.77,69.03,65.47,51.6,6.26,20.86,21.21,37.23,46.32,55.57,59.84,55.45,48.67,35.37,51.0,68.0,70.0,84.0,82.0,96.0,105.0,93.0,98.0,82.0,-11.0,12.0,10.0,12.0,36.0,48.0,50.0,48.0,38.0,20.0
1978-01-01,0.26,0.43,0.07,0.76,3.44,2.5,0.23,1.25,0.0,0.52,28.81,31.14,51.81,61.57,66.26,81.0,92.71,87.1,82.97,67.55,17.98,20.95,38.42,47.75,53.5,66.7,75.4,70.68,65.53,51.23,7.16,10.75,25.03,33.43,40.74,52.4,58.1,54.26,48.1,34.9,54.0,57.0,79.0,82.0,88.0,96.0,102.0,102.0,95.0,87.0,-11.0,-6.0,-4.0,19.0,27.0,40.0,49.0,45.0,30.0,25.0
1979-01-01,0.17,0.0,1.47,1.45,2.64,2.27,5.31,4.41,0.4,0.76,24.71,40.43,49.97,61.5,65.73,78.7,86.77,82.23,81.47,69.13,13.31,27.32,37.88,47.35,53.13,64.95,72.29,68.05,65.73,53.06,1.9,14.21,25.87,33.2,40.55,51.2,57.81,53.87,50.0,37.0,46.0,65.0,67.0,81.0,84.0,94.0,95.0,99.0,96.0,89.0,-14.0,-11.0,13.0,18.0,26.0,39.0,52.0,45.0,36.0,24.0
1980-01-01,0.6,0.17,1.03,1.5,2.24,4.09,5.71,0.65,0.0,0.29,31.42,39.9,43.73,57.27,67.29,84.97,90.94,87.06,81.47,66.32,20.84,29.12,32.05,44.75,54.65,69.35,75.89,71.63,64.82,50.15,10.26,18.5,20.65,32.23,42.0,53.73,60.84,56.19,48.17,33.97,52.0,63.0,68.0,86.0,83.0,98.0,101.0,100.0,95.0,89.0,-12.0,-2.0,-9.0,17.0,33.0,41.0,53.0,47.0,38.0,17.0
1981-01-01,0.12,0.15,3.44,2.17,5.59,1.97,3.72,1.99,0.11,1.3,47.26,45.82,48.42,65.77,64.77,80.23,87.35,83.39,81.87,62.77,32.65,31.14,36.77,52.2,53.24,66.4,72.84,69.39,65.27,49.42,18.03,16.46,25.13,38.63,41.71,52.57,58.32,55.39,48.67,36.06,64.0,70.0,72.0,83.0,84.0,100.0,101.0,94.0,93.0,81.0,4.0,-17.0,8.0,22.0,30.0,39.0,49.0,48.0,33.0,18.0
1982-01-01,0.08,0.1,1.09,0.8,3.48,2.61,4.95,2.74,1.31,0.13,39.48,43.18,51.1,61.03,66.9,81.78,86.5,85.74,75.87,63.35,24.26,28.7,37.5,44.9,53.74,67.31,72.22,71.92,61.43,48.9,9.03,14.21,23.9,28.77,40.58,52.88,57.94,58.1,47.0,34.45,74.0,74.0,68.0,80.0,85.0,97.0,98.0,95.0,95.0,81.0,-12.0,-25.0,9.0,16.0,30.0,41.67,49.0,51.0,36.0,20.0
1983-01-01,0.0,0.17,2.4,1.95,2.69,4.53,3.62,1.97,0.38,0.59,41.39,46.79,46.29,51.9,63.52,73.6,87.87,91.06,83.24,66.68,31.05,34.96,35.9,40.22,51.34,61.77,72.85,76.27,65.33,51.4,20.71,23.3,25.52,28.53,39.16,49.89,57.84,61.48,46.67,36.13,60.0,63.0,69.0,73.0,85.0,89.0,100.0,100.0,100.0,85.0,9.0,8.0,-0.0,8.0,24.0,38.0,46.0,57.0,23.0,26.0
1984-01-01,0.21,0.44,0.76,2.88,2.02,2.4,1.79,0.85,0.56,1.83,29.39,38.59,46.03,49.37,70.87,79.57,89.06,89.26,74.1,57.26,20.26,29.41,35.34,39.45,56.79,65.27,73.74,74.34,58.75,45.44,11.13,20.24,24.65,29.53,42.71,50.97,58.42,59.42,43.4,33.61,45.0,50.0,69.0,68.0,87.0,91.0,98.0,98.0,97.0,78.0,-23.0,8.0,13.0,18.0,31.0,38.0,53.0,50.0,24.0,23.0
1985-01-01,0.5,0.03,0.29,2.35,2.58,0.7,3.42,0.46,2.2,0.35,32.61,36.04,54.19,63.3,72.6,82.07,89.23,87.03,73.5,62.03,21.77,24.15,40.02,49.36,58.95,65.76,73.94,71.34,60.64,47.82,10.94,12.52,25.84,35.34,45.48,49.66,58.65,55.65,46.41,33.61,53.0,60.0,78.0,84.0,85.0,101.0,105.0,100.0,102.0,79.0,-12.0,-13.0,7.0,19.0,33.0,36.0,52.0,46.0,14.0,16.0
1986-01-01,0.11,1.1,0.44,4.45,3.12,3.35,2.3,1.55,1.86,0.92,41.52,44.11,58.52,60.9,68.26,81.93,88.1,86.58,72.8,62.71,31.08,31.34,44.89,47.57,54.95,68.22,73.11,70.9,59.67,49.45,20.65,18.57,31.26,33.97,41.65,54.31,58.13,55.23,46.53,36.19,55.0,72.0,80.0,79.0,85.0,100.0,100.0,95.0,83.0,75.0,10.0,-10.0,20.0,18.0,32.0,43.0,53.0,43.0,35.0,17.0
1987-01-01,0.26,1.87,1.42,0.4,5.76,3.59,2.63,2.62,0.54,0.33,41.5,48.07,44.52,65.33,70.68,82.1,88.35,82.9,77.23,66.32,28.92,35.3,33.68,50.08,58.94,67.62,72.53,69.11,61.93,49.58,16.33,23.33,22.84,34.83,47.19,53.13,56.71,55.32,46.63,32.84,63.0,70.0,72.0,86.0,82.0,92.0,100.0,100.0,92.0,85.0,-4.0,13.0,2.0,20.0,40.0,41.0,43.0,47.0,37.0,19.0
1988-01-01,0.66,0.17,0.86,0.6,6.68,2.59,2.96,1.61,1.94,0.0,29.32,38.86,51.0,60.73,71.29,86.73,88.94,88.77,78.23,68.06,19.03,28.02,36.89,46.43,57.84,72.02,73.26,73.31,62.2,52.21,8.74,17.17,22.77,31.79,44.39,57.14,57.58,57.84,46.17,36.35,49.0,64.0,80.0,82.0,88.0,101.0,100.0,99.0,99.0,84.0,-9.0,-3.0,4.0,21.0,30.0,46.0,49.0,47.0,35.0,19.0
1989-01-01,0.58,0.28,0.26,0.74,1.57,7.42,2.9,2.01,2.14,0.24,46.0,33.71,55.23,65.4,75.03,77.3,90.42,84.13,75.4,68.32,31.34,21.59,39.66,49.47,59.34,63.65,74.32,70.45,61.17,52.24,16.68,9.46,24.1,33.53,43.65,50.0,58.23,56.77,46.93,36.16,64.0,72.0,84.0,91.0,97.0,100.0,105.0,98.0,91.0,92.0,-3.0,-21.0,-8.0,4.0,24.0,40.0,48.0,51.0,32.0,15.0
1990-01-01,0.34,0.06,1.32,1.42,2.91,0.52,6.51,2.84,0.88,0.94,44.26,40.39,51.81,61.8,67.48,87.4,85.81,84.58,82.67,66.74,31.02,29.32,39.15,47.38,53.94,70.59,71.26,70.15,66.58,50.42,17.77,18.25,26.48,32.97,40.39,54.0,56.71,55.71,50.5,34.1,71.0,61.0,75.0,81.0,87.0,107.0,108.0,99.0,100.0,90.0,6.0,-3.0,9.0,21.0,28.0,42.0,43.0,49.0,36.0,22.0
1991-01-01,0.08,0.22,1.12,0.83,3.38,1.97,2.07,2.29,0.43,0.55,38.35,55.36,54.9,61.97,72.94,83.33,89.61,87.39,81.17,67.65,25.5,39.18,40.5,47.53,59.29,69.47,73.73,71.92,64.07,50.69,12.65,23.0,26.1,33.1,45.65,55.6,57.84,56.45,46.97,33.74,59.0,69.0,73.0,84.0,88.0,97.0,105.0,99.0,96.0,91.0,-3.0,9.0,13.0,14.0,28.0,50.0,51.0,50.0,33.0,3.0
1992-01-01,1.0,0.4,2.04,0.24,0.94,7.04,2.67,4.98,0.33,0.81,38.23,50.45,56.52,67.0,75.74,76.7,82.23,79.52,80.4,67.74,27.42,38.57,43.24,50.85,59.23,64.03,69.15,66.6,63.62,51.82,16.61,26.69,29.97,34.7,42.71,51.37,56.06,53.68,46.83,35.9,53.0,72.0,74.0,83.0,94.0,90.0,97.0,95.0,90.0,87.0,-9.0,20.0,11.0,18.0,28.0,39.0,47.0,42.0,33.0,19.0
1993-01-01,0.18,1.02,0.74,1.59,2.44,2.14,1.98,2.01,1.15,1.96,31.06,33.54,50.94,58.93,71.58,78.17,85.13,84.58,73.03,63.52,21.5,22.96,39.11,45.92,57.31,63.95,70.62,70.26,58.27,48.95,11.94,12.39,27.29,32.9,43.03,49.73,56.03,55.94,43.5,34.39,52.0,58.0,79.0,78.0,85.0,96.0,99.0,100.0,97.0,90.0,-7.0,-14.0,1.0,22.0,29.0,40.0,46.0,41.0,28.0,7.0
1994-01-01,0.74,0.25,0.18,1.58,1.05,0.72,3.51,0.32,1.03,4.42,42.16,38.89,58.1,62.3,77.26,88.4,88.0,92.48,81.63,63.77,29.66,25.66,42.52,47.97,61.65,72.5,71.97,74.73,65.48,50.66,17.16,12.43,26.94,33.63,46.03,56.6,55.94,56.97,49.33,37.55,63.0,63.0,80.0,88.0,96.0,104.0,101.0,101.0,98.0,83.0,-3.0,-10.0,12.0,18.0,28.0,45.0,45.0,49.0,31.0,27.0
1995-01-01,0.46,0.3,0.69,1.68,9.34,5.3,4.85,0.44,2.8,0.55,40.39,51.26,51.48,55.2,57.77,76.5,85.68,91.1,75.57,64.66,28.07,37.17,37.81,42.57,48.66,63.63,71.52,75.0,61.58,49.12,15.97,22.57,24.13,29.93,39.55,50.77,57.35,58.87,47.6,33.32,62.0,74.0,77.0,78.0,80.0,89.0,100.0,102.0,97.0,85.0,-8.0,2.0,-3.0,18.0,28.0,39.0,49.0,48.0,28.0,23.0
1996-01-01,0.39,0.08,1.06,0.64,4.98,3.44,2.15,4.38,4.41,0.39,39.13,48.93,48.48,65.17,67.29,81.1,85.65,85.39,72.7,66.0,24.34,33.29,33.02,48.58,55.27,67.4,71.58,70.55,60.2,50.72,9.55,17.03,18.5,32.0,43.26,53.7,57.73,55.83,47.36,35.47,66.0,74.0,77.0,84.0,91.0,89.0,100.0,98.0,91.0,89.0,-21.0,-18.0,-8.0,20.0,33.0,43.0,50.0,49.0,30.0,22.0
1997-01-01,0.24,0.36,0.11,0.57,2.42,4.73,7.28,2.26,1.39,2.31,38.16,43.21,57.74,55.6,70.74,80.1,89.06,82.94,78.7,64.65,25.32,31.62,41.26,41.53,56.42,66.83,73.89,70.18,64.6,50.39,12.48,20.04,24.77,27.47,42.1,53.57,58.71,57.42,50.5,36.13,75.0,67.0,82.0,79.0,90.0,93.0,102.0,93.0,92.0,90.0,-14.0,8.0,4.0,5.0,28.0,41.0,45.0,50.0,38.0,6.0
1998-01-01,0.0,0.83,0.18,0.35,2.08,2.14,6.67,1.03,1.05,1.99,45.29,45.57,49.06,61.23,75.58,78.07,88.77,85.42,84.73,62.06,31.92,34.89,35.95,46.05,60.21,63.37,75.34,71.45,69.28,50.27,18.55,24.21,23.17,30.87,44.84,48.67,61.9,57.48,53.83,38.48,62.0,64.0,81.0,82.0,88.0,96.0,104.0,97.0,98.0,80.0,-0.0,17.0,-3.0,21.0,31.0,35.0,57.0,53.0,43.0,31.0
1999-01-01,0.03,0.22,0.21,2.26,2.47,2.74,0.95,4.51,1.57,0.18,45.9,55.21,57.68,57.93,68.52,80.43,90.55,84.9,73.53,67.94,33.29,39.39,41.7,45.45,55.57,65.93,76.16,71.87,59.0,51.13,20.68,23.57,25.67,32.97,42.8,51.69,61.77,58.6,44.93,34.32,64.0,73.0,77.0,82.0,86.0,97.0,101.0,95.0,90.0,86.0,6.0,9.0,15.0,16.0,26.0,42.0,49.0,46.0,31.0,23.0
2000-01-01,0.52,0.61,2.01,2.3,0.9,0.82,3.03,2.13,1.65,1.69,41.84,50.17,53.1,65.53,74.61,83.33,92.06,91.79,78.9,65.42,30.45,36.5,40.98,48.6,60.42,67.4,76.29,76.04,63.4,51.06,19.06,22.83,28.87,31.67,45.83,51.47,60.52,60.24,47.9,36.71,57.0,71.0,71.0,82.0,96.0,100.0,101.0,100.0,99.0,87.0,2.0,11.0,19.0,19.0,28.0,42.0,41.0,55.0,29.0,19.0
2001-01-01,0.55,0.6,0.94,1.72,3.72,1.46,2.77,1.08,2.01,0.61,41.9,37.85,48.97,61.17,69.68,83.57,92.13,90.0,80.3,66.1,30.03,25.83,37.89,47.87,56.97,68.53,77.45,74.02,64.72,50.07,18.16,14.83,26.81,34.57,44.26,53.5,62.77,58.03,49.13,34.67,61.0,57.0,69.0,81.0,86.0,99.0,101.0,99.0,96.0,87.0,6.0,-6.0,8.0,21.0,32.0,42.0,57.0,49.0,37.0,19.0
2002-01-01,0.06,0.05,0.22,0.32,0.58,1.44,0.2,4.29,1.0,1.28,43.9,47.89,45.23,65.07,71.35,88.93,93.68,86.45,77.13,58.77,29.18,32.32,31.27,49.27,55.97,72.73,77.71,71.77,62.97,45.73,14.45,16.75,17.32,33.47,40.58,56.53,61.74,57.1,48.8,32.1,64.0,69.0,68.0,88.0,94.0,101.0,102.0,105.0,94.0,83.0,-2.0,-3.0,-9.0,14.0,20.0,46.0,51.0,48.0,37.0,10.0
2003-01-01,0.26,0.29,2.11,2.58,3.31,1.56,1.75,2.63,0.34,0.08,47.32,40.07,52.35,62.83,68.52,77.13,94.48,89.74,76.03,72.13,33.03,27.54,39.4,49.62,56.23,63.97,77.52,74.11,60.7,55.18,18.74,15.0,26.45,36.4,43.94,50.76,60.55,58.48,45.37,38.23,67.0,73.0,76.0,81.0,98.0,89.0,103.0,98.0,89.0,89.0,4.0,-16.0,6.0,18.0,33.0,38.0,54.0,49.0,31.0,22.0
2004-01-01,0.16,0.9,0.72,1.32,1.34,3.0,2.37,1.94,1.49,0.91,44.29,43.59,59.6,63.17,74.29,77.86,85.39,82.48,80.7,65.42,30.29,29.86,43.97,48.63,59.32,64.21,71.52,68.0,65.33,51.55,16.29,16.14,28.33,34.1,44.35,50.5,57.65,53.52,49.97,37.7,61.0,66.0,83.0,82.0,92.0,102.0,101.0,100.0,96.0,78.0,-14.0,-9.0,16.0,20.0,29.0,38.0,50.0,44.0,39.0,28.0
2005-01-01,0.36,0.14,1.03,2.11,2.15,2.7,1.56,1.57,0.14,2.81,40.29,49.21,53.55,58.73,69.16,81.1,93.48,86.39,82.0,65.84,29.94,35.62,39.71,46.02,55.47,66.98,77.12,71.77,65.93,51.23,19.58,22.04,25.87,33.3,42.2,52.87,60.53,57.16,49.87,36.61,68.0,64.0,75.0,79.0,95.0,96.0,108.0,99.0,94.0,90.0,-8.0,8.0,13.0,25.0,24.0,39.0,50.0,49.0,36.0,22.0
2006-01-01,0.36,0.13,0.86,0.61,1.04,0.22,1.61,2.02,1.9,0.6,51.45,43.75,50.58,67.21,75.42,88.17,91.77,85.29,71.57,62.84,37.5,29.5,37.37,50.93,60.55,72.6,77.44,72.18,58.22,49.26,23.55,15.25,24.16,34.33,45.68,57.03,63.1,59.06,44.87,35.68,67.0,74.0,76.0,85.0,93.0,103.0,106.0,97.0,84.0,87.0,14.0,-13.0,8.0,25.0,30.0,49.0,52.0,46.0,34.0,17.0
2007-01-01,0.79,0.05,0.64,2.31,1.55,1.78,2.21,2.47,0.62,0.43,27.48,34.61,58.84,57.03,73.55,81.77,90.94,88.48,80.5,67.32,18.32,25.23,45.47,44.98,60.24,68.05,77.02,75.29,65.38,52.69,9.16,15.86,32.1,32.93,46.94,54.33,63.1,62.1,50.27,38.06,48.0,51.0,79.0,84.0,89.0,98.0,103.0,100.0,93.0,89.0,-6.0,-12.0,15.0,16.0,36.0,38.0,56.0,53.0,38.0,25.0
2008-01-01,0.06,0.23,0.21,1.19,1.47,2.19,1.5,3.52,0.92,1.15,31.74,39.79,51.97,58.7,69.32,80.1,92.35,82.17,73.57,64.23,21.92,29.33,38.61,44.58,55.81,66.33,76.47,69.18,60.4,50.73,12.1,18.86,25.26,30.47,42.29,52.57,60.58,56.2,47.23,37.23,50.0,57.0,74.0,85.0,89.0,95.0,102.0,104.0,88.0,80.0,-8.0,6.0,15.0,16.0,22.0,42.0,47.0,45.0,40.0,22.0
2009-01-01,0.12,0.47,0.72,3.19,2.51,5.47,2.27,2.5,2.26,2.65,42.65,48.64,53.68,56.2,68.39,76.47,84.45,84.18,76.11,51.68,30.56,35.59,39.63,44.03,57.1,64.65,71.31,70.23,62.09,40.87,18.48,22.54,25.58,31.87,45.81,52.83,58.16,56.29,48.07,30.06,69.0,68.0,75.0,82.0,93.0,90.0,97.0,96.0,90.0,86.0,-3.0,8.0,2.0,12.0,34.0,45.0,48.0,51.0,38.0,14.0
2010-01-01,0.09,0.79,1.5,2.53,1.13,1.37,2.42,3.13,0.15,0.92,39.97,37.57,49.68,61.6,65.84,81.1,88.45,87.68,83.1,68.13,29.08,26.89,38.74,48.1,53.44,68.33,73.25,72.27,66.07,53.82,18.29,16.21,27.81,34.6,41.03,55.57,57.77,56.77,49.1,39.52,55.0,50.0,83.0,83.0,89.0,97.0,103.0,97.0,96.0,83.0,-8.0,1.0,18.0,27.0,27.0,44.0,46.0,47.0,35.0,23.0
2011-01-01,0.28,0.2,0.63,2.32,6.65,1.35,5.79,2.4,1.43,1.42,37.58,37.32,53.19,59.0,63.68,81.07,89.39,89.42,76.7,63.87,26.15,23.68,39.81,45.88,52.13,66.73,75.69,75.0,62.73,50.52,14.71,10.04,26.42,32.77,40.58,52.4,62.0,60.58,48.77,37.16,62.0,67.0,75.0,84.0,88.0,100.0,96.0,97.0,96.0,85.0,-8.0,-17.0,11.0,19.0,27.0,45.0,54.0,56.0,37.0,12.0
2012-01-01,0.0,2.05,0.25,2.41,1.28,0.38,7.72,0.03,0.62,0.77,46.39,36.9,62.77,65.63,74.45,90.6,92.42,89.19,81.0,60.84,31.94,27.03,47.77,52.02,59.97,74.12,77.73,73.87,65.72,47.34,17.48,17.17,32.77,38.4,45.48,57.63,63.03,58.55,50.45,33.84,68.0,59.0,81.0,89.0,94.0,107.0,101.0,100.0,95.0,87.0,-0.0,1.0,14.0,30.0,32.0,43.0,56.0,47.0,43.0,21.0
2013-01-01,0.48,1.0,1.22,2.93,2.41,2.22,3.39,1.83,3.73,1.19,39.8,39.64,48.84,52.73,68.87,83.86,84.48,85.16,79.0,59.03,27.23,28.68,35.34,40.07,55.52,68.41,71.39,72.68,66.33,46.66,14.67,17.71,21.84,27.4,42.34,52.96,58.29,60.19,53.67,34.29,58.0,60.0,76.0,81.0,90.0,100.0,97.0,96.0,99.0,82.0,-6.0,8.0,2.0,3.0,19.0,42.0,50.0,54.0,35.0,25.0
2014-01-01,0.9,1.05,0.93,1.16,3.75,3.47,2.49,4.4,0.57,0.83,42.61,31.54,50.84,60.4,67.36,79.9,86.29,84.77,77.41,67.58,29.21,21.11,36.9,46.9,53.8,65.27,72.42,70.37,62.34,52.5,15.81,10.68,22.97,33.4,40.24,50.63,58.55,55.97,47.15,37.6,64.0,57.0,73.0,80.0,89.0,92.0,100.0,94.0,94.0,81.0,-12.0,-15.0,-4.0,16.0,27.0,41.0,51.0,50.0,31.0,25.0
2015-01-01,0.15,0.37,0.25,3.61,7.34,1.31,1.06,1.06,0.09,1.02,38.03,43.82,57.26,60.3,61.61,81.12,86.26,86.71,83.3,66.77,26.72,30.86,42.56,46.87,51.23,68.62,72.05,71.34,67.43,53.13,15.33,17.89,27.87,33.43,40.84,56.12,57.84,55.97,51.57,39.48,71.0,73.0,81.0,77.0,77.0,93.0,95.0,99.0,93.0,89.0,-12.0,-0.0,5.0,19.0,26.0,51.0,50.0,40.0,38.0,26.0
2016-01-01,0.34,0.89,1.22,2.96,3.88,2.0,2.53,0.99,0.33,0.7,36.29,44.93,55.87,58.73,65.32,85.37,87.71,84.48,78.7,72.35,26.11,33.88,41.05,45.8,53.26,70.58,73.18,69.45,63.68,55.19,15.94,22.83,26.23,32.87,41.19,55.8,58.65,54.42,48.67,38.03,52.0,71.0,74.0,79.0,85.0,97.0,98.0,97.0,91.0,85.0,1.0,2.0,13.0,24.0,28.0,44.0,53.0,40.0,39.0,27.0
2017-01-01,0.41,0.44,1.39,3.48,4.15,0.58,1.0,1.63,1.43,0.68,35.06,50.29,59.39,60.55,66.13,82.97,91.65,83.74,77.63,62.9,24.48,35.98,43.89,46.71,53.56,68.33,75.81,69.26,63.02,48.4,13.9,21.68,28.39,32.77,41.0,53.7,59.97,54.77,48.4,33.9,60.0,74.0,80.0,78.0,83.0,98.0,102.0,94.0,98.0,82.0,-12.0,8.0,16.0,25.0,30.0,46.0,52.0,50.0,35.0,13.0
2018-01-01,0.44,0.63,0.21,2.31,5.0,2.37,5.51,4.07,0.44,1.23,42.19,38.54,55.13,55.6,72.1,85.79,86.1,82.06,80.73,58.84,29.23,24.8,39.76,40.83,59.6,70.41,72.34,68.08,62.57,45.82,16.26,11.07,24.39,26.07,47.1,55.03,58.58,54.1,44.4,32.81,64.0,68.0,72.0,85.0,92.0,101.0,95.0,91.0,95.0,85.0,-8.0,-11.0,14.0,11.0,37.0,45.0,46.0,43.0,34.0,14.0
2019-01-01,0.07,0.42,1.81,0.53,3.7,1.45,2.72,2.6,0.79,0.51,41.55,34.07,43.97,61.83,61.45,78.97,88.65,85.71,83.1,56.94,28.52,21.39,32.06,47.67,50.18,64.92,72.34,68.34,63.42,42.56,15.48,8.71,20.16,33.5,38.9,50.87,56.03,50.97,43.73,28.19,59.0,62.0,69.0,82.0,86.0,99.0,98.0,96.0,98.0,82.0,-3.0,-14.0,-13.0,17.0,23.0,41.0,47.0,40.0,37.0,5.0
